Accuracy,0.8125
Precision,0.8333333
Recall,0.8333333
F1-Score,0.8333333214124041
